year,st_case,veh_no,per_no,age,sex,sexname,per_typ,per_typname,inj_sev,inj_sevname,seat_pos,drinking,drinkingname,alc_res,alc_resname,drugs,drugsname,death_da,death_mo,death_yr,lag_hrs,doa,doaname,rest_use,ejection
2014,480428,1,1,22,1,,1,,4,,11,1,,14,,0,,25,2,2014,0,7,,17,8
2014,480657,1,1,24,1,,1,,2,,11,1,,21,,8,,88,88,8888,999,0,,3,0
2014,480657,2,1,20,1,,1,,4,,11,0,,0,,0,,16,3,2014,0,7,,3,0
2014,480657,2,2,21,2,,2,,3,,13,8,,96,,8,,88,88,8888,999,0,,3,0
2014,482039,0,1,19,2,,5,,4,,0,8,,96,,8,,16,4,2014,86,0,,96,8
2014,482039,1,1,51,1,,1,,0,,11,8,,96,,8,,88,88,8888,999,0,,3,0
2014,482039,1,2,45,2,,2,,0,,13,8,,96,,8,,88,88,8888,999,0,,3,0
2014,482039,1,3,11,1,,2,,0,,23,8,,96,,8,,88,88,8888,999,0,,3,0
2014,482104,0,1,57,1,,5,,4,,0,8,,96,,8,,12,9,2014,1,0,,96,8
2014,482104,1,1,65,1,,1,,0,,11,8,,96,,8,,88,88,8888,999,0,,3,0
2014,482394,0,1,26,1,,5,,4,,0,8,,96,,8,,12,10,2014,0,7,,96,8
2014,482394,1,1,999,9,,1,,9,,11,9,,96,,9,,88,88,8888,999,0,,99,0
2014,483021,0,1,26,1,,5,,4,,0,8,,96,,8,,16,12,2014,251,0,,96,8
2014,483021,1,1,55,1,,1,,0,,11,8,,96,,8,,88,88,8888,999,0,,3,0
2014,483021,1,2,59,2,,2,,2,,31,8,,96,,8,,88,88,8888,999,0,,3,0
2014,483226,0,1,30,2,,5,,4,,0,8,,96,,8,,21,11,2014,0,0,,96,8
2015,480918,1,1,51,1,Male,1,Driver of a Motor Vehicle In-Transport,4,Fatal Injury (K),11,1,Yes (Alcohol Involved),70,0.070 % BAC,8,Not Reported,3,5,2015,0,0,Not Applicable,19,8
2015,482289,1,1,24,1,Male,1,Driver of a Motor Vehicle In-Transport,4,Fatal Injury (K),11,1,Yes (Alcohol Involved),996,Test Not Given,8,Not Reported,8,10,2015,155,0,Not Applicable,17,8
2015,483217,1,1,35,2,Female,1,Driver of a Motor Vehicle In-Transport,4,Fatal Injury (K),11,8,Not Reported,996,Test Not Given,8,Not Reported,14,12,2015,5,0,Not Applicable,3,0
2015,483217,1,2,13,1,Male,2,Passenger of a Motor Vehicle In-Transport,0,No Apparent Injury (O),13,8,Not Reported,996,Test Not Given,8,Not Reported,88,88,8888,999,0,Not Applicable,3,0
2015,483217,1,3,7,1,Male,2,Passenger of a Motor Vehicle In-Transport,2,Suspected Minor Injury(B),23,8,Not Reported,996,Test Not Given,8,Not Reported,88,88,8888,999,0,Not Applicable,7,0
2015,483217,2,1,21,1,Male,1,Driver of a Motor Vehicle In-Transport,0,No Apparent Injury (O),11,8,Not Reported,996,Test Not Given,8,Not Reported,88,88,8888,999,0,Not Applicable,3,0
2015,483217,3,1,16,2,Female,1,Driver of a Motor Vehicle In-Transport,0,No Apparent Injury (O),11,8,Not Reported,996,Test Not Given,8,Not Reported,88,88,8888,999,0,Not Applicable,3,0
2015,483217,3,2,16,2,Female,2,Passenger of a Motor Vehicle In-Transport,0,No Apparent Injury (O),13,8,Not Reported,996,Test Not Given,8,Not Reported,88,88,8888,999,0,Not Applicable,3,0
2016,480080,1,1,59,1,Male,1,Driver of a Motor Vehicle In-Transport,4,Fatal Injury (K),11,1,Yes (Alcohol Involved),996,Test Not Given,8,Not Reported,13,1,2016,0,7,Died at Scene,17,8
2016,480080,1,2,47,2,Female,2,Passenger of a Motor Vehicle In-Transport,3,Suspected Serious Injury(A),21,8,Not Reported,996,Test Not Given,8,Not Reported,88,88,8888,999,0,Not Applicable,17,8
2016,482076,0,1,34,2,Female,5,Pedestrian,4,Fatal Injury (K),0,8,Not Reported,996,Test Not Given,8,Not Reported,3,8,2016,0,7,Died at Scene,96,8
2016,482076,1,1,999,9,Unknown,1,Driver of a Motor Vehicle In-Transport,9,Unknown/Not Reported,11,9,Unknown (Police Reported),996,Test Not Given,9,Unknown,88,88,8888,999,0,Not Applicable,99,0
2016,482076,2,1,999,9,Unknown,1,Driver of a Motor Vehicle In-Transport,9,Unknown/Not Reported,11,9,Unknown (Police Reported),996,Test Not Given,9,Unknown,88,88,8888,999,0,Not Applicable,99,0
2016,482881,1,1,31,2,Female,1,Driver of a Motor Vehicle In-Transport,1,Possible Injury (C),11,8,Not Reported,996,Test Not Given,8,Not Reported,88,88,8888,999,0,Not Applicable,3,0
2016,482881,1,2,2,1,Male,2,Passenger of a Motor Vehicle In-Transport,4,Fatal Injury (K),21,8,Not Reported,996,Test Not Given,8,Not Reported,26,10,2016,0,0,Not Applicable,10,0
2016,482881,2,1,50,1,Male,1,Driver of a Motor Vehicle In-Transport,0,No Apparent Injury (O),11,8,Not Reported,996,Test Not Given,8,Not Reported,88,88,8888,999,0,Not Applicable,3,0
2016,482881,2,2,69,1,Male,2,Passenger of a Motor Vehicle In-Transport,0,No Apparent Injury (O),13,8,Not Reported,996,Test Not Given,8,Not Reported,88,88,8888,999,0,Not Applicable,3,0
2016,482881,3,1,43,1,Male,1,Driver of a Motor Vehicle In-Transport,0,No Apparent Injury (O),11,8,Not Reported,996,Test Not Given,8,Not Reported,88,88,8888,999,0,Not Applicable,3,0
2017,480672,0,1,20,1,Male,5,Pedestrian,4,Fatal Injury (K),0,8,Not Reported,996,Test Not Given,8,Not Reported,25,3,2017,8,0,Not Applicable,96,8
2017,480672,1,1,47,1,Male,1,Driver of a Motor Vehicle In-Transport,0,No Apparent Injury (O),11,1,Yes (Alcohol Involved),997,"AC Test Performed, Results Unknown",1,Yes (drugs involved),88,88,8888,999,0,Not Applicable,99,0
2017,480972,0,1,61,1,Male,5,Pedestrian,4,Fatal Injury (K),0,8,Not Reported,996,Test Not Given,8,Not Reported,9,2,2017,69,0,Not Applicable,96,8
2017,480972,1,1,82,1,Male,1,Driver of a Motor Vehicle In-Transport,0,No Apparent Injury (O),11,8,Not Reported,996,Test Not Given,8,Not Reported,88,88,8888,999,0,Not Applicable,3,0
2017,481428,1,1,35,1,Male,1,Driver of a Motor Vehicle In-Transport,4,Fatal Injury (K),11,8,Not Reported,996,Test Not Given,8,Not Reported,15,6,2017,0,7,Died at Scene,19,8
2017,482480,1,1,23,1,Male,1,Driver of a Motor Vehicle In-Transport,4,Fatal Injury (K),11,8,Not Reported,996,Test Not Given,8,Not Reported,4,10,2017,0,7,Died at Scene,20,1
2018,480668,0,1,22,1,Male,5,Pedestrian,4,Fatal Injury (K),0,8,Not Reported,997,"AC Test Performed, Results Unknown",8,Not Reported,17,3,2018,0,7,Died at Scene,96,8
2018,480668,1,1,49,2,Female,1,Driver of a Motor Vehicle In-Transport,0,No Apparent Injury (O),11,0,No (Alcohol Not Involved),0,0.000 % BAC,1,Yes (drugs involved),88,88,8888,999,0,Not Applicable,99,0
2018,480668,1,2,54,1,Male,2,Passenger of a Motor Vehicle In-Transport,0,No Apparent Injury (O),13,8,Not Reported,996,Test Not Given,8,Not Reported,88,88,8888,999,0,Not Applicable,99,0
2018,480739,1,1,23,1,Male,1,Driver of a Motor Vehicle In-Transport,4,Fatal Injury (K),11,8,Not Reported,996,Test Not Given,8,Not Reported,22,3,2018,1,0,Not Applicable,20,0
2018,480918,0,1,32,2,Female,5,Pedestrian,4,Fatal Injury (K),0,8,Not Reported,996,Test Not Given,8,Not Reported,13,4,2018,0,7,Died at Scene,96,8
2018,480918,1,1,32,2,Female,1,Driver of a Motor Vehicle In-Transport,0,No Apparent Injury (O),11,8,Not Reported,996,Test Not Given,8,Not Reported,88,88,8888,999,0,Not Applicable,3,0
2018,480918,1,2,2,1,Male,2,Passenger of a Motor Vehicle In-Transport,0,No Apparent Injury (O),23,8,Not Reported,996,Test Not Given,8,Not Reported,88,88,8888,999,0,Not Applicable,10,0
2018,481192,0,1,60,1,Male,6,Bicyclist,4,Fatal Injury (K),0,8,Not Reported,996,Test Not Given,8,Not Reported,7,5,2018,0,0,Not Applicable,96,8
2018,481192,1,1,48,1,Male,1,Driver of a Motor Vehicle In-Transport,0,No Apparent Injury (O),11,1,Yes (Alcohol Involved),210,0.210 % BAC,8,Not Reported,88,88,8888,999,0,Not Applicable,3,0
2018,482852,0,1,52,1,Male,5,Pedestrian,4,Fatal Injury (K),0,8,Not Reported,996,Test Not Given,8,Not Reported,25,10,2018,0,7,Died at Scene,96,8
2018,482852,1,1,999,2,Female,1,Driver of a Motor Vehicle In-Transport,9,Unknown/Not Reported,11,8,Not Reported,996,Test Not Given,8,Not Reported,88,88,8888,999,0,Not Applicable,99,0
2018,483224,0,1,32,1,Male,5,Pedestrian,4,Fatal Injury (K),0,8,Not Reported,996,Test Not Given,8,Not Reported,24,12,2018,2,0,Not Applicable,96,8
2018,483224,1,1,41,1,Male,1,Driver of a Motor Vehicle In-Transport,0,No Apparent Injury (O),11,8,Not Reported,996,Test Not Given,8,Not Reported,88,88,8888,999,0,Not Applicable,3,0
2019,480201,1,1,39,1,Male,1,Driver of a Motor Vehicle In-Transport,4,Fatal Injury (K),11,8,Not Reported,996,Test Not Given,8,Not Reported,25,1,2019,0,0,Not Applicable,20,8
2019,481489,1,1,17,2,Female,1,Driver of a Motor Vehicle In-Transport,4,Fatal Injury (K),11,8,Not Reported,996,Test Not Given,1,Yes (drugs involved),27,6,2019,30,0,Not Applicable,99,1
2019,483286,0,1,63,1,Male,5,Pedestrian,4,Fatal Injury (K),0,8,Not Reported,996,Test Not Given,8,Not Reported,16,12,2019,251,0,Not Applicable,96,8
2019,483286,1,1,55,2,Female,1,Driver of a Motor Vehicle In-Transport,0,No Apparent Injury (O),11,8,Not Reported,996,Test Not Given,8,Not Reported,88,88,8888,999,0,Not Applicable,3,0
2019,483286,1,2,12,2,Female,2,Passenger of a Motor Vehicle In-Transport,0,No Apparent Injury (O),13,8,Not Reported,996,Test Not Given,8,Not Reported,88,88,8888,999,0,Not Applicable,3,0
2020,480183,1,1,54,1,Male,1,Driver of a Motor Vehicle In-Transport,4,Fatal Injury (K),11,8,Not Reported,996,Test Not Given,8,Not Reported,6,3,2020,0,0,Not Applicable,3,0
2020,481304,1,1,31,2,Female,1,Driver of a Motor Vehicle In-Transport,4,Fatal Injury (K),11,8,Not Reported,996,Test Not Given,8,Not Reported,12,6,2020,0,0,Not Applicable,3,0
2020,481304,1,2,12,2,Female,2,Passenger of a Motor Vehicle In-Transport,3,Suspected Serious Injury (A),13,8,Not Reported,996,Test Not Given,8,Not Reported,88,88,8888,999,0,Not Applicable,99,0
2020,482195,0,1,64,1,Male,5,Pedestrian,4,Fatal Injury (K),0,8,Not Reported,996,Test Not Given,8,Not Reported,21,8,2020,0,0,Not Applicable,96,8
2020,482195,1,1,26,1,Male,1,Driver of a Motor Vehicle In-Transport,0,No Apparent Injury (O),11,8,Not Reported,996,Test Not Given,8,Not Reported,88,88,8888,999,0,Not Applicable,3,0
2020,482514,0,1,61,1,Male,5,Pedestrian,4,Fatal Injury (K),0,8,Not Reported,996,Test Not Given,8,Not Reported,3,10,2020,1,0,Not Applicable,96,8
2020,482514,1,1,60,1,Male,1,Driver of a Motor Vehicle In-Transport,0,No Apparent Injury (O),11,8,Not Reported,996,Test Not Given,8,Not Reported,88,88,8888,999,0,Not Applicable,3,0
2020,482533,1,1,56,1,Male,1,Driver of a Motor Vehicle In-Transport,4,Fatal Injury (K),11,8,Not Reported,39,0.039 % BAC,8,Not Reported,3,10,2020,0,0,Not Applicable,20,8
2020,482533,1,2,52,2,Female,2,Passenger of a Motor Vehicle In-Transport,3,Suspected Serious Injury (A),21,8,Not Reported,996,Test Not Given,8,Not Reported,88,88,8888,999,0,Not Applicable,20,8
2020,483498,1,1,65,1,Male,1,Driver of a Motor Vehicle In-Transport,4,Fatal Injury (K),11,1,Yes (Alcohol Involved),144,0.144 % BAC,1,Yes (drugs involved),28,12,2020,0,0,Not Applicable,20,0
2020,483498,2,1,54,1,Male,1,Driver of a Motor Vehicle In-Transport,0,No Apparent Injury (O),11,8,Not Reported,996,Test Not Given,8,Not Reported,88,88,8888,999,0,Not Applicable,3,0
2020,483498,2,2,46,2,Female,2,Passenger of a Motor Vehicle In-Transport,0,No Apparent Injury (O),13,8,Not Reported,996,Test Not Given,8,Not Reported,88,88,8888,999,0,Not Applicable,3,0
2020,483498,2,3,72,2,Female,2,Passenger of a Motor Vehicle In-Transport,0,No Apparent Injury (O),21,8,Not Reported,996,Test Not Given,8,Not Reported,88,88,8888,999,0,Not Applicable,3,0
2020,483498,2,4,72,1,Male,2,Passenger of a Motor Vehicle In-Transport,0,No Apparent Injury (O),23,8,Not Reported,996,Test Not Given,8,Not Reported,88,88,8888,999,0,Not Applicable,3,0
2020,483498,3,1,37,1,Male,1,Driver of a Motor Vehicle In-Transport,0,No Apparent Injury (O),11,8,Not Reported,996,Test Not Given,8,Not Reported,88,88,8888,999,0,Not Applicable,3,0
2020,483500,1,1,61,1,Male,1,Driver of a Motor Vehicle In-Transport,4,Fatal Injury (K),11,0,No (Alcohol Not Involved),0,0.000 % BAC,8,Not Reported,1,1,2021,256,0,Not Applicable,20,8
2021,481510,0,1,71,1,Male,6,Bicyclist,4,Fatal Injury (K),0,8,Not Reported,0,0.000 % BAC,8,Not Reported,4,6,2021,0,0,Not Applicable,96,8
2021,481510,1,1,23,1,Male,1,Driver of a Motor Vehicle In-Transport,0,No Apparent Injury (O),11,8,Not Reported,996,Test Not Given,8,Not Reported,88,88,8888,999,0,Not Applicable,3,0
2021,482671,1,1,87,2,Female,1,Driver of a Motor Vehicle In-Transport,4,Fatal Injury (K),11,8,Not Reported,996,Test Not Given,8,Not Reported,11,4,2021,96,0,Not Applicable,3,0
2021,482781,0,1,43,1,Male,5,Pedestrian,4,Fatal Injury (K),0,8,Not Reported,996,Test Not Given,1,Yes (drugs involved),16,9,2021,0,7,Died at Scene,96,8
2021,482781,1,1,999,9,Reported as Unknown,1,Driver of a Motor Vehicle In-Transport,9,Unknown/Not Reported,11,8,Not Reported,996,Test Not Given,8,Not Reported,88,88,8888,999,0,Not Applicable,99,0
2021,483647,1,1,17,1,Male,1,Driver of a Motor Vehicle In-Transport,3,Suspected Serious Injury (A),11,8,Not Reported,996,Test Not Given,8,Not Reported,88,88,8888,999,0,Not Applicable,3,0
2021,483647,1,2,18,2,Female,2,Passenger of a Motor Vehicle In-Transport,4,Fatal Injury (K),13,8,Not Reported,996,Test Not Given,8,Not Reported,29,11,2021,0,0,Not Applicable,3,0
2021,483647,2,1,64,1,Male,1,Driver of a Motor Vehicle In-Transport,2,Suspected Minor Injury (B),11,8,Not Reported,996,Test Not Given,8,Not Reported,88,88,8888,999,0,Not Applicable,3,0
2022,481797,1,1,37,1,Male,1,Driver of a Motor Vehicle In-Transport,4,Fatal Injury (K),11,8,Not Reported,996,Test Not Given,8,Not Reported,16,6,2022,0,7,Died at Scene,3,0
2022,481797,2,1,25,1,Male,1,Driver of a Motor Vehicle In-Transport,3,Suspected Serious Injury (A),11,8,Not Reported,996,Test Not Given,8,Not Reported,88,88,8888,999,0,Not Applicable,3,0
2022,481886,1,1,45,1,Male,1,Driver of a Motor Vehicle In-Transport,4,Fatal Injury (K),11,1,Yes (Alcohol Involved),118,0.118 % BAC,8,Not Reported,1,7,2022,41,0,Not Applicable,20,1
2022,481886,2,1,24,1,Male,1,Driver of a Motor Vehicle In-Transport,4,Fatal Injury (K),11,8,Not Reported,0,0.000 % BAC,8,Not Reported,29,6,2022,0,7,Died at Scene,3,0
2022,481886,3,1,41,1,Male,1,Driver of a Motor Vehicle In-Transport,0,No Apparent Injury (O),11,8,Not Reported,996,Test Not Given,8,Not Reported,88,88,8888,999,0,Not Applicable,99,0
2022,482404,1,1,24,1,Male,1,Driver of a Motor Vehicle In-Transport,2,Suspected Minor Injury (B),11,1,Yes (Alcohol Involved),60,0.060 % BAC,0,No (drugs not involved),88,88,8888,999,0,Not Applicable,99,0
2022,482404,2,1,44,1,Male,1,Driver of a Motor Vehicle In-Transport,4,Fatal Injury (K),11,8,Not Reported,996,Test Not Given,8,Not Reported,13,8,2022,0,7,Died at Scene,20,0
2022,482404,2,2,42,2,Female,2,Passenger of a Motor Vehicle In-Transport,4,Fatal Injury (K),13,8,Not Reported,996,Test Not Given,8,Not Reported,13,8,2022,0,7,Died at Scene,20,0
2022,483007,1,1,30,2,Female,1,Driver of a Motor Vehicle In-Transport,0,No Apparent Injury (O),11,1,Yes (Alcohol Involved),190,0.190 % BAC,8,Not Reported,88,88,8888,999,0,Not Applicable,3,0
2022,483007,2,1,54,1,Male,1,Driver of a Motor Vehicle In-Transport,4,Fatal Injury (K),11,8,Not Reported,58,0.058 % BAC,8,Not Reported,9,10,2022,0,0,Not Applicable,20,8
2023,481869,1,1,19,1,Male,1,Driver of a Motor Vehicle In-Transport,2,Suspected Minor Injury (B),11,1,Yes (Alcohol Involved),40,0.040 % BAC,0,No (drugs not involved),88,88,8888,999,0,Not Applicable,3,0
2023,481869,1,2,49,2,Female,2,Passenger of a Motor Vehicle In-Transport,2,Suspected Minor Injury (B),13,8,Not Reported,996,Test Not Given,8,Not Reported,88,88,8888,999,0,Not Applicable,3,0
2023,481869,2,1,52,1,Male,1,Driver of a Motor Vehicle In-Transport,3,Suspected Serious Injury (A),11,8,Not Reported,996,Test Not Given,8,Not Reported,88,88,8888,999,0,Not Applicable,3,0
2023,481869,2,2,45,2,Female,2,Passenger of a Motor Vehicle In-Transport,3,Suspected Serious Injury (A),13,8,Not Reported,996,Test Not Given,8,Not Reported,88,88,8888,999,0,Not Applicable,3,0
2023,481869,2,3,68,2,Female,2,Passenger of a Motor Vehicle In-Transport,4,Fatal Injury (K),23,8,Not Reported,996,Test Not Given,8,Not Reported,3,7,2023,0,7,Died at Scene,20,0
2023,481869,3,1,32,1,Male,1,Driver of a Motor Vehicle In-Transport,1,Possible Injury (C),11,8,Not Reported,996,Test Not Given,8,Not Reported,88,88,8888,999,0,Not Applicable,3,0
2023,481869,3,2,30,2,Female,2,Passenger of a Motor Vehicle In-Transport,1,Possible Injury (C),12,8,Not Reported,996,Test Not Given,8,Not Reported,88,88,8888,999,0,Not Applicable,3,0
2023,481869,3,3,0,2,Female,2,Passenger of a Motor Vehicle In-Transport,0,No Apparent Injury (O),13,8,Not Reported,996,Test Not Given,8,Not Reported,88,88,8888,999,0,Not Applicable,11,0
2023,481885,1,1,26,1,Male,1,Driver of a Motor Vehicle In-Transport,4,Fatal Injury (K),11,1,Yes (Alcohol Involved),179,0.179 % BAC,8,Not Reported,30,6,2023,0,7,Died at Scene,3,0
2023,481885,2,1,28,1,Male,1,Driver of a Motor Vehicle In-Transport,3,Suspected Serious Injury (A),11,8,Not Reported,996,Test Not Given,8,Not Reported,88,88,8888,999,0,Not Applicable,3,0
2023,481885,2,2,28,2,Female,2,Passenger of a Motor Vehicle In-Transport,3,Suspected Serious Injury (A),13,8,Not Reported,996,Test Not Given,8,Not Reported,88,88,8888,999,0,Not Applicable,3,0
2023,481885,2,3,30,1,Male,2,Passenger of a Motor Vehicle In-Transport,2,Suspected Minor Injury (B),23,8,Not Reported,996,Test Not Given,8,Not Reported,88,88,8888,999,0,Not Applicable,3,0
2023,481929,1,1,35,1,Male,1,Driver of a Motor Vehicle In-Transport,4,Fatal Injury (K),11,8,Not Reported,236,0.236 % BAC,8,Not Reported,14,7,2023,0,0,Not Applicable,20,0
2023,482316,1,1,34,1,Male,1,Driver of a Motor Vehicle In-Transport,4,Fatal Injury (K),11,8,Not Reported,133,0.133 % BAC,8,Not Reported,7,8,2023,0,7,Died at Scene,20,8
2023,482934,0,1,67,1,Male,8,Person on a Personal Conveyance,4,Fatal Injury (K),0,8,Not Reported,0,0.000 % BAC,8,Not Reported,10,10,2023,0,0,Not Applicable,96,8
2023,482934,1,1,30,1,Male,1,Driver of a Motor Vehicle In-Transport,0,No Apparent Injury (O),11,8,Not Reported,996,Test Not Given,8,Not Reported,88,88,8888,999,0,Not Applicable,3,0
2023,483309,1,1,61,1,Male,1,Driver of a Motor Vehicle In-Transport,4,Fatal Injury (K),11,8,Not Reported,996,Test Not Given,1,Yes (drugs involved),2,11,2023,0,7,Died at Scene,20,8
2023,483309,2,1,31,1,Male,1,Driver of a Motor Vehicle In-Transport,0,No Apparent Injury (O),11,8,Not Reported,996,Test Not Given,8,Not Reported,88,88,8888,999,0,Not Applicable,3,0
2024,481443,1,1,32,2,Female,1,Driver of a Motor Vehicle In-Transport,3,Suspected Serious Injury (A),11,1,Yes (Alcohol Involved),200,0.200 % BAC,8,Not Reported,88,88,8888,999,0,Not Applicable,3,0
2024,481443,2,1,23,2,Female,1,Driver of a Motor Vehicle In-Transport,0,No Apparent Injury (O),11,8,Not Reported,996,Test Not Given,8,Not Reported,88,88,8888,999,0,Not Applicable,3,0
2024,481443,3,1,73,2,Female,1,Driver of a Motor Vehicle In-Transport,1,Possible Injury (C),11,8,Not Reported,996,Test Not Given,8,Not Reported,88,88,8888,999,0,Not Applicable,3,0
2024,481443,3,2,82,1,Male,2,Passenger of a Motor Vehicle In-Transport,1,Possible Injury (C),13,8,Not Reported,996,Test Not Given,8,Not Reported,88,88,8888,999,0,Not Applicable,3,0
2024,481443,3,3,77,1,Male,2,Passenger of a Motor Vehicle In-Transport,4,Fatal Injury (K),21,8,Not Reported,995,Not Reported,8,Not Reported,14,5,2024,0,7,Died at Scene,99,1
2024,481443,3,4,72,2,Female,2,Passenger of a Motor Vehicle In-Transport,4,Fatal Injury (K),23,8,Not Reported,995,Not Reported,8,Not Reported,2,6,2024,450,0,Not Applicable,3,0
2024,481576,1,1,35,1,Male,1,Driver of a Motor Vehicle In-Transport,4,Fatal Injury (K),11,1,Yes (Alcohol Involved),294,0.294 % BAC,8,Not Reported,9,6,2024,0,7,Died at Scene,99,0
2024,482234,1,1,35,1,Male,1,Driver of a Motor Vehicle In-Transport,4,Fatal Injury (K),11,1,Yes (Alcohol Involved),200,0.200 % BAC,8,Not Reported,9,8,2024,0,7,Died at Scene,3,0
2024,482234,2,1,44,2,Female,1,Driver of a Motor Vehicle In-Transport,2,Suspected Minor Injury (B),11,8,Not Reported,996,Test Not Given,8,Not Reported,88,88,8888,999,0,Not Applicable,3,0
2024,482234,2,2,74,1,Male,2,Passenger of a Motor Vehicle In-Transport,2,Suspected Minor Injury (B),13,8,Not Reported,996,Test Not Given,8,Not Reported,88,88,8888,999,0,Not Applicable,3,0
2024,482234,2,3,71,2,Female,2,Passenger of a Motor Vehicle In-Transport,2,Suspected Minor Injury (B),23,8,Not Reported,996,Test Not Given,8,Not Reported,88,88,8888,999,0,Not Applicable,3,0
2024,482234,2,4,54,1,Male,2,Passenger of a Motor Vehicle In-Transport,2,Suspected Minor Injury (B),21,8,Not Reported,996,Test Not Given,8,Not Reported,88,88,8888,999,0,Not Applicable,3,0
2024,482234,2,5,8,2,Female,2,Passenger of a Motor Vehicle In-Transport,2,Suspected Minor Injury (B),31,8,Not Reported,996,Test Not Given,8,Not Reported,88,88,8888,999,0,Not Applicable,3,0
2024,482234,2,6,9,1,Male,2,Passenger of a Motor Vehicle In-Transport,2,Suspected Minor Injury (B),33,8,Not Reported,996,Test Not Given,8,Not Reported,88,88,8888,999,0,Not Applicable,3,0
2024,482234,3,1,25,1,Male,1,Driver of a Motor Vehicle In-Transport,3,Suspected Serious Injury (A),11,8,Not Reported,996,Test Not Given,8,Not Reported,88,88,8888,999,0,Not Applicable,3,0
2024,482234,3,2,49,1,Male,2,Passenger of a Motor Vehicle In-Transport,2,Suspected Minor Injury (B),13,8,Not Reported,996,Test Not Given,8,Not Reported,88,88,8888,999,0,Not Applicable,3,0
2024,482234,3,3,23,1,Male,2,Passenger of a Motor Vehicle In-Transport,2,Suspected Minor Injury (B),22,8,Not Reported,996,Test Not Given,8,Not Reported,88,88,8888,999,0,Not Applicable,3,0
2024,482234,3,4,6,1,Male,2,Passenger of a Motor Vehicle In-Transport,2,Suspected Minor Injury (B),23,8,Not Reported,996,Test Not Given,8,Not Reported,88,88,8888,999,0,Not Applicable,99,0
2024,482234,3,5,9,1,Male,2,Passenger of a Motor Vehicle In-Transport,2,Suspected Minor Injury (B),21,8,Not Reported,996,Test Not Given,8,Not Reported,88,88,8888,999,0,Not Applicable,3,0
